sha256,pkgName,classID
24D3490CF23842A791CBB5B10F1427808F4B163F9C492791709BD4FACC1E2091,com.rytong.airchina,Airlines
2D3D869A1DF82ACDCABBB08277ADECB8E5B64DB4DB516C7C1C6E91F32E141C03,com.rytong.hnair,Airlines
A1B554693AD6B506B179AE6AEC858205B011073E2A58A7DAD73103E99C786712,com.hkairlines.apps,Airlines
238396FF004CF5505CC1FB783C2671D6E89867235D2846DA8494CC2038FC16E1,com.fsecure.eicar.antivirus.test,Antivirus
67142FB3F94B1514FB886EEF9DA0CAEA668D8FBB868429F4A4943CE43465DEAF,com.schiffertech.screenwings,Antivirus
494F2250CEB5B6FA222E8CBE2A8916225A0D6CFFABAF19C54559709D7746B5D2,com.schiffertech.camwings,Antivirus
02DAE6FB6EE2E82D31D4777B935DAAFB91B9A564DF6B99FC7A15423DFB2A1719,com.schiffertech.screenwings,Antivirus
6E92730A2D2B87E3FC568F47A1991779E5CF21891F0A3075908BFE75943C9AAC,com.bnu.mba,Banking
6002EC23C9522AA81E9533AAEB77B2C8F782D070126E82886C4D1187A39C2B5B,com.virtual.go,Banking
93A0BDBA21BA4499925DC81FDE6831DD2F8AE8935B5B0AFD1AEC2BCE1DE8E3F1,com.kbzbank.kpaypartner,Banking
3F465998CF87C4A0E816EA04C4C094C303266B301ECD2E98B95771122CB03EE2,com.kbzbank.kpaycustomer,Banking
A8E240CCFED6EF3889BD6CE625218FF05DCBCEE5131B67935B431560EC097A9E,com.macaupass.rechargeEasy,Banking
A510316B544C36788F7C3FAE498D6904E950EAC4B8E8DF3D33D07DF00405E859,com.bnu.mba,Banking
64496708732F284AC90A9E077F785528FE38556D3BB5A726985115745750DCF1,com.kbzbank.kpaypartner,Banking
0407FCE51DA6BA98938668F64C61FFE44EDFFF59523F022B8B3BB72F9D6CAB52,com.kbzbank.kpaycustomer,Banking
8B1D63DAFCA97212A12C4CA26070504CB1F0A443D268CBCFBDBD5D84AF7C5984,com.kbzbank.kpaycustomer,Banking
87984DB0ACAFB6B12D12AC29B5864E56F7869E16DDDE3C30984F6004E6035764,com.kbzbank.kpaypartner,Banking
2677F4A8BBEC8048E5DE3C3B43BBA02CE0BCA031EE1FD883DA3F837B90751486,com.loan.cash.credit.branch.tala.fast.lending.mexico,Banking
9937BC3FADCD8A177D78CD14217C6B81F7AAE6875577510A116BCAF5EDE88E62,com.kbzbank.kpaycustomer,Banking
7B18A91FEBBCAF7AE470DAA12942C54E1DFB62B010FAB2EA6079FA6274BB9754,com.banofinancial.app,Banking
40AEC26BF7125ABB0EEF068EC01915913F77FED2B5881D5106144EEA877FF484,com.bnu.mba,Banking
65DE8FC13EE139963F9022D16AD3F51A0CFC9602A5FDC2DC1871F3B3DDB4896E,com.zhuishu.eggyolk,BooksReader
53362D6430046B6051BB451BA05035E94F1E272FEFB4229FE8FC24E9D293BC0E,com.dreame.reader.indonesia,BooksReader
55AC74506EB789EBE4EA449DDFD91719E33C6D9BC2D3824CE947DEB50AABA093,com.dreame.reader,BooksReader
5E3EF176ABC46D97221BF3BCE6C2EBB1A122D7C10B4F1ABFBCAC728B708C472A,com.gzhi.neatreader.r2.main,BooksReader
9C2CEAFBA460D5C45F71BC93A71EAF6103AD5E65156FEF0890F1698BCB886A0D,com.dreame.reader.indonesia,BooksReader
900E732F7787AE1B7FD57B0360F4D5BB986B07C4C6D85CD0932ABEE9CE5DD12B,com.aynovel.vixs,BooksReader
6A29752A57E75D564D7E7DF7DA1D9490BDA74191BC4D5E72334370DFFEAA27F6,com.zhuishu.eggyolk,BooksReader
181CEA613A1104B3169765D13C8F6CB7354EF95AD1CBB8D712E735044339C146,com.gzhi.neatreader.r2.main,BooksReader
2D14074AE91FF91135BC974DE984BD380BC6354D941DCCD54F2D0E6964CB60D8,com.gzhi.neatreader.r2.main,BooksReader
4A805F75D523FA9A84C02A4D3134C3C1F9ECFB8500CEE2B6EB05A0F4DDBDB593,com.zhuishu.eggyolk,BooksReader
9CDED8FF9902CC1E837E49B4CFC63104E98F00DB9DACB16EA0D927991BA28B0E,com.aynovel.vixs,BooksReader
A7A8DFE6EA3B96DFB3AED953A0B8DC3FE21D362B7F70F9BB27CB0095C9E7AF7E,com.sago.anyue,Browser
9F4233FBBB53E8DF7BCDD207BD125C54A2DC34B73E73123F39CDD0E4FBA53DF0,pure.lite.browser,Browser
92710D18F999C8C46903A957F3FE00CC6960A33A36D21F8BF818C1DD21EBE59F,com.sago.anyue,Browser
7121894EF91C00A0D889DAB22D3661E8E22BBA644ADCDEC72821911598256917,pure.lite.browser,Browser
6A42E0417BE7D6C24794B5F929A5E2CA3553641B2A58A4A1318867D6274C22AA,pure.lite.browser,Browser
90BF00CB6B1DA58DC28E14AECCFF3E5B73D6937AFC2A0CC3DC1AAA1A1E975203,white.whale,Browser
89069E5567A9ABA36184377D7A40C525BA67CB3FAABA72183A2806961BCE898F,com.seraphic.openinet.pre,Browser
6CE98A2EBDBBF88813AC478260E71BF70D029C65B186CDB5BE65704AA71DB432,ca.city365.homapp,BuyAndRentHome
6D29B27479797FC7AFB1C5D82084DD1EA9167CDBE1963AEBF8F1E83B8A5B6620,cn.P2PPetCam.www.meico,BuyAndRentHome
9B30837BD2474AC3623A43D052F7ADC4C63E4AA9981F0F9DAA658F825EBDB224,my.android.calc,Calculator
36126F6FDD41623902932FF50D7CEF812901881C186E3E6F4FEB9D903D9963C7,com.chenupt.memory,Calendar
56CC01FC1A8450BD45AFA353AAAA2E4E4DF961110B0C670D8E5716406B38877A,com.ouyi,Dating
3BB27FD8B12BAFDCB24C71BAFFC6313B5656478DBE3CEC6F403C9A4F1284FF02,com.ouyi,Dating
035E2A32DBEB51AB6F93116B7A9A7A82535E556BBED32F7620368902A8679A5D,com.ouyi,Dating
5F2FB89AA8B55698D0DD35D8FC1A27C281D14ACB71E522EC6AADAAA7F0DC7444,com.ouyi,Dating
0C57C6E81910443816C256E90423F7EB076FBF14AB335E32DB749DED62D1F430,com.ouyi,Dating
0943F16D60738E9D9138CBAA3E6A546970BCF54131440C0C30C26555F0285D70,com.idevsze.secondnum,Dialer
6A5128677078864FDEE18FA7A51A10431AAD12CC36C0D9645769E454F55D1DAB,com.esiwei.wenzhouasianshop,FoodDelivery
9DB41873084ED17C75A95EC3187183D090FB35283119AE85B956F17440678E31,com.jingdekeji.dcsysapp,FoodDelivery
49F714EA5A2EB8220691B3AED54145FCADB09ED675CD7C92E903F92AB926962B,com.jiubae.waimai,FoodDelivery
1BF4EC1EC4869F62D7B2BF364B39731201E5C80BB4571C14FCC1DE74265D9CCE,com.ca.fantuan.customer,FoodDelivery
01F0AEDB6078A0D4CC46ACCC0730EA73166D979F05BF056C48B946C2ED9A0DFB,com.rynat.xtrend,Investment
73DE74DC4F93BE3F58F1B50B96A2DF0FBFAE1CBDE7CC40E7C4EF112A28266977,com.usmart.stock,Investment
1BF89185023D7C85C3E1365E18D1DC7A004AC99EA6431B4E28C703FE869334E5,com.rynat.xtrend,Investment
0F27CE1F3F7EF147E636758AC56F960928809B166899B9B660296F8C61AFD6E3,com.rynat.xtrend,Investment
716628C4547685A48DF0468990A3298C53C429058CDC6394B87DA60C43451856,com.hash.mytoken,Investment
41870B4D7FBBCA4BB5CAE53A4888A16BE16F2ADC01288596135656F09FF414F6,com.wattforex,Investment
A77C12FA3E08AB98D63CA5E63242721429495820B292C8E8BB5B07D2D6B86E64,com.BIYAGlobal.www,Investment
B307A6828C3C8C245D59837F79DCCFE69B0D4D1FC37DEB12CB6ACFD7F6065EA3,com.economics168,Investment
20A2B884F82CC8D76FB0E48FBFCD4778997DC0D818560D8F3625E070A123B518,com.economics168,Investment
AA5DFCE689F24EEBB18F5CEF96CD7195F70CC8E3B811EC29DE503D49CA200D0A,com.tsci.cis,Investment
5AE3370FDC7B48469FA76488E26E0774DAB1C7F4EB1C968FABCBD623F4A59C95,cn.com.vau,Investment
83590AF4B4C155B70BE9B2834C81D1DC49E829C95DEF711D2B05FFB4DC5A5C5E,com.tsci.gys,Investment
313C9A4B0BDE6FD72E28B81A57315BB049EF972DB20DA5889D3C681ABB9C63A5,com.rynat.xtrend,Investment
B0BFB6D87560F433A580081B3ED019EA0CA0D0FF750342FF4E14EA382F8CBAE9,cn.com.vau,Investment
6AE70F9812658D1F700BE6AB9863B204899C70290F2EE956A73DB3C14F813566,com.radarbrokers.cfd,Investment
A34611DB8E58D6502AF5532EFACF7571489EE773EFFB5864C30DE011D023FECD,com.rynat.xtrend,Investment
7CDBC189400CA7412B9A0304961344CC7403D112E785E48F42C3CDE98A801FF0,com.rynat.xtrend,Investment
8FBF93A561E6CEDE82B01EBEA9F321E103DD70E0519976C6F14962D8EF009295,com.rynat.xtrend,Investment
79E2B4774CA16BA8AB544F16E0644CE6B261EAEFDCD42822B6EC7066794CEAC3,com.rynat.xtrend,Investment
38DE5B25F20B4E7903979D24C7E4BD4302BF92D983A76B70C5D804A0AB6FDC21,com.rynat.xtrend,Investment
98C0BCE9D19E22C39C19102460A526DCFCB164D15B56B7AD244DD696D9243F61,com.rynat.xtrend,Investment
72DEB0DCAE92F330FE046DFBE0283FDFFD960968970D7C91464A2D8A54DAE4A4,com.lomolsoft.language.learngreek,LanguageLearning
A59EF70C5FC434A3ECB800F3C87BAA92E72B1CF66E8586B569C800D42402A62A,com.ou.wordtree,LanguageLearning
9EE05D14A080022737CDB721B6844DD1E700A41721F6B3E930C88ACB75ACC23D,com.hellotalk.hellowords,LanguageLearning
33C133590C83E56D22B41754AFC88CF69535AD978F34D59132851F5EEDEC52B3,com.lomolsoft.language.learnhebrew,LanguageLearning
410DAD906CBEC9BCB760D21C631FC1049A9AB03C1F7F5B23645D8A0297C6584F,com.lomolsoft.language.learnmarathi,LanguageLearning
7A503ED63CDA74305415739FD384A60F1D4F28FAE2A2C10CA002B6051C6166D9,com.juhaoliao.vochat,Messenger
4104DDBFB42DA6B64B5763E95E6EBD2200329125508D1F5337A22735A99773E3,com.juhaoliao.vochat,Messenger
A762301B8305508481DC623BA62BB1F9D8EC3A93366F5323E76DB5D161C738FC,com.theotino.chinadaily,News
3C17475B0789290E41196B7E76E2175DEE067DD6F3F9401736746673FE78D6FD,com.theotino.chinadaily,News
9D9494C03F57C9FBBEF37E8FB30DFDC7D37D5D49176298D168A9B6574025682F,com.theotino.chinadaily,News
16E281DF68BE2767F7BB4C37BE4D4328B236144590932E49609F765077733911,com.theotino.chinadaily,News
11E70C3E72E0629E77F933673081CB9EF8D00DE23A54A2CCADA2F6CB305A3668,com.theotino.chinadaily,News
6C2106D311645081500C21CFC9566FD3FDA967C3B05D554DBA6E09DA9DD5888C,me.shouheng.leafnote,Notepad
2FFAE8145672191885B17033EED8FDA89931F14FA78C069A387D1CAED05F89E8,com.ryzenrise.vaporcamera,PhotoEditor
A470FC459A20581C39A81507005225A8637BE9A91F24DBC02B1B9A9128B21E1E,com.tiger.takeout,Recipes
3B3D3FA7B1647B8F2DB80087BA411F76E3E3F5001AE2183249C69BA9F70F5D62,com.xiachufang,Recipes
960F56E15A8822CF4F5DBA03698E8BC165A05D6253CF1D2C856B0D4AD083762B,com.xiachufang,Recipes
44DAE984C5CBB55FC0E1BE8483E0EAF7E0F1A7678F10CDDF5A8279398EB1DF38,com.appotronics.appofly,RemoteControl
8687EBFE2F62C1B00A3A578B517F905D709AA7056A811C1195C9D516F6F3E40A,com.voghion.app,Shopping
0F8843F13CC44FA494B90CE5CC0ED7CB4FFADAFA849A19941B9EF6392957A1D6,com.cloudedge.smarteye,SmartHome
128E3AA8EF451C0DB4ACF95EB0058E8FD77A3EC07363C36D20957A94316761BC,com.eziclean.ezi,SmartHome
38C48B2B8F901ADD0107387921BB95F456243464857134E969799881402AA552,com.ycc365plus.aws,SmartHome
0DD3C03F95540DEDB70A0496E2235902C5B8632577E296F7810D3BBB7231CE4A,com.ycc365plus.aws,SmartHome
5F2C03B4504D9FA4D65146FD321D7742583C5BBE5499120C3E5E1CB3AFA4E5E7,com.gooclient.anycam.neye3ctwo,SmartHome
177430E670A641A59954239F919CE0E21D8C87AFF4D2756E16EF14502E98483A,com.hopeway.cam.newhope,SmartHome
6C65EBC32B03986C4EF928EBCA3C1FF3D70EC868C517AFD42444CA7E89FE4D24,zddz.app.carlive,SmartHome
0D702317FC72B2995A548646506E82333C997F9B249A6CC3545DBFB92EB39C35,com.phinx.Warmlink,SmartHome
1ADA639227C544D733A8D6F431BCD6586B7E3A30B0B3AC15CF16A29B4994A402,com.ogemary.smarthome,SmartHome
73AD697D7360592FDE27770D7CA1AF7A9274FE954DEE61983DD98F890558C24A,com.eziclean.ezi,SmartHome
143AD026133166B753F67B14177C7E772DA975DD75C942394D8B74A05C60661A,com.embarcadero.EasyLogon,SmartHome
0C529982B142014942A673794025C9030C492A6BAB94F3A3C8F3FF3FF8FC76F0,com.gooclient.anycam.neye3ctwo,SmartHome
8658BDF5DF5D9C30F8A36B5785E5B729228952C4DD47685519B510FCFD810DA1,com.HiseeSE.aws,SmartHome
01E1C2E6074A7384751EA493FCCAFCAB8808FAE512DDD494AC5B79A06023735C,com.kamoer.f4_plus,SmartHome
01629A14779CA84DC1ED16403AD152A413DF116E01A48469008B2A0D7C91672B,com.blurams.ipc,SmartHome
7DC21F753638AF342D70C97561119803DD18C8EABCC1724388ED3D6299DB6697,com.hopeway.cam.newhope,SmartHome
42DE083E54E0C9013451576FF52EE7C59DDB08FB7050418BA42897C9E18C9D98,com.hopeway.cam.newhope,SmartHome
71AC72F614EB0DFB0A3AFDEA958CC8C2BF2697E88EBC02EA6B95B2B940F33682,com.phinx.Warmlink,SmartHome
024C2BD98208F009B52EFCA0958ABF9B03580DA3A572197E05954274EBE169D7,com.ephcontrols.ember,SmartHome
68D60557D9B5FD699DCD4051E0403A3E981B46AD3EE8AAF083FE7F25519D8E07,com.hopeway.cam.newhope,SmartHome
679A5F786DC77B5615D3A5B9530B57A303ABCABC0BCBE4E01EFF90614EE95FC3,com.lomolsoft.dict.dedict,Translator
26CA56FAB8517E7EA07628D4E8941AB528B5D46071A83C13030E8F55ADEC0B23,com.wxx.xz_en,Translator
3845166721B8916C0F10B9054B90313CEC77C3CA967B54445F53FB5C1127E9FC,com.lomolsoft.dict.fedict,Translator
87A00A2DE173B3221B86CB3845C1CFF1A203A98F75BED8E0E970B8FD50C9C6E6,com.lomolsoft.net.cnentranslation,Translator
5A07D35ED5A95575DF72AE31F2CB40E1AD3FC679C20EEAE1F8D2C905B4DAE9A2,com.hhll.translatecnen,Translator
788E940159AD180184DEC32D5409AD55418D446C515EAA7E2633E8FBBB76018C,com.lomolsoft.dict.aedict,Translator
7A7A4BB00E77824A238FFBD6CD7FE31982D9ED2E667C655238D8E584F267765B,com.ggxfj.frog,Translator
9BFD86B469827FBE30585AC9B06196663389D6CE3AA27070EEB76C03B535CC8A,com.lomolsoft.dict.sedict,Translator
9D0D62EB92FF8FC9440948CED012B22D4229207328273A4034B0BB46F68BBD4E,com.lomolsoft.dict.cedict,Translator
221E1F992C1B0EF8BB7ABF98573B49A99EE29AB7630E04A1AF38A223DDC8C9B2,com.lomolsoft.dict.gedict,Translator
51587492AF76CD8CD104F5387FCD52EA9F6179D925C0E6F73776BA139452F534,com.hhll.translatecnkm,Translator
B2354BA4D7636E5B801F14A192CA7F0FAAB752EE05C9C8A873657708F37B1F21,com.ggxfj.frog,Translator
5E58010ABCC7CC46CD567836696EFB53DD1F5FDD54A9EC0B75738DC58E892DB2,com.hawsoft.mobile.speechtrans,Translator
97A01C47040DE4ACD1FA6B127B72738C5D62E1E5D6FBE7B6ED9B463C294CD0FF,com.hhll.translatecnja,Translator
42B076B866D3E46975F534E54D1802249206F1193B4BF0A4171C88C769E904B2,com.aresmob.translatorfotopro,Translator
8DDEA5B1B02C5CCEDACEAD0C933C5BE5C2C7F12E559DDB2F4B9FBEA93415C4E4,com.lomolsoft.net.enjatranslation,Translator
8B9BACB8C5652B70B81A06730EED8AFAFB2AB7BD716F3826E9B642F85608E53F,com.aresmob.transmaster,Translator
5099FA506F68E56584517BF7D6499946BC2DCD30BAC2C34344ABD2B1F04386B6,com.translator.lens.android,Translator
749F7146420DFC5D1337740EAEC90778C3AE2570394273083C3DC23DA4780F0F,com.lomolsoft.net.entltranslation,Translator
59712DAD36B2DCA0554A83730FD150A3B3C8E127BE0A7E9BFB231E564193DBD6,com.aresmob.transmaster,Translator
06560F2EDB3698495A53D7EF738FA92CE30AFC507AC24F52EDC9509BA158E351,com.lomolsoft.dict.eedict,Translator
73C05C5339BEAD334FAF17DFD35AEB6992EC2CAD3701E6A2ED0D997031580FAD,com.hhll.translatecnes,Translator
790A22ECD505EF18134CC1BC0862C66557E94942ACD3CFA1D4B97C73875557C2,com.translator.lens.android,Translator
62F9E7CE4C44883F3E8627F4F16F7FB001CB602A38B69BD8BCF5F3CB88D617EE,com.trip.camera.translate,Translator
4E62ADCCD03AC7A133968FDBFF5696FD8BFAC8C93328D15B3CC700A5AA90430F,com.lomolsoft.net.cnthtranslation,Translator
0F53CD42D5A086EDBF2DE4A0992262AE058E2B344EC5AB4D6CBF7726313A9DFF,com.lomolsoft.net.cnkotranslation,Translator
B1FE5C3F033751DD3AB9ECD08144FB096B52F153C6A59C118EE14A92F762FBAD,com.hhll.translatecnes,Translator
58BE06F2217B1E14220D89FE44A111A853B2079255BC24C4BABCB71059326B47,com.lomolsoft.dict.redict,Translator
736ED1794779AEE00439ACA5963684FEA0C8AE027F60C78FBDFD67DA12BA2184,com.aresmob.transmaster,Translator
27A7C013A748C4F9B6F4608093EC2841683FE48D15961B6B98D9D06171F0BF82,com.axis.mobile.chapters.trans,Translator
9592867BD45A943523F5F97AA5A7BBA16127B14856403A693AC25D2819B21DA2,com.hhll.translatecnen,Translator
903153AAF18889E6F6B44C7E95D9E2F22321CFEFB1439D978E00F81A7D9B8657,com.translator.voice.android,Translator
92A0E9D1F9157041428EBB601FDECFBAA867C20B2FA2FD2F9CA38F26D6C57020,com.translator.lens.android,Translator
A58688B6F6BB8DB11149E8188C56DC626AC0B3E7433C274C557A4F83D0968BA9,com.hhll.translateenvi,Translator
A6339C0C5EB6120C51BBE7C9C97AE453E95139D6BEC768A461A3111F33B3AAA0,com.lomolsoft.dict.redict,Translator
164A845BFE96ECD0FCE4CAFC59609EC030AAA280042594B7A800A8C392CD36BA,com.aresmob.translatorfotopro,Translator
2F5E10E1DE0AD442C864E664E70B467B5FB521740AFAFD447770BED4C11EA202,com.translator.lens.android,Translator
35766209756CB6778197F43A43701A4705EB8FDD251BBCB5AA2D21CBBAB16B7D,com.hawsoft.mobile.speechtrans,Translator
92E0F205D1DABB389E74D59CEA299BC483782BD4D6D4FECC65670B9335B10BB2,com.lomolsoft.net.cnvitranslation,Translator
2AC47DDE7FAF750104D9D64ABB98667043BEC4241CFA2242840C20A6F689A434,com.hhll.translatecnth,Translator
81EB1495064BB23F48DB46F1330909301721FDD7B3892C2A8E19DE31C7446550,com.hawsoft.mobile.ocrtrans,Translator
82369048C37C1BC39EA39A0E4E039D461200F67B10EBDA5FCE18284EC87B0B9A,com.hhll.translatecnko,Translator
51A7ED84EAFD729274AD5FEC0B927E48D566D7F595D5901F108FE90A9576119F,com.translator.voice.android,Translator
A5918BA80F9B24F5389581515670DB57BD88AEFDDF41F1C78D0F29FE2F71A6D6,com.lomolsoft.dict.dedict,Translator
7138705C67AF63DDA17CD32C9C4DDEA996A57CC8FCF61EC7AD3C0498D4BB7A2C,com.aresmob.translatorfotopro,Translator
482AE8BB0BE378BAA1CE3770B73CBCF2BADD2F8B02FD9E46377414D8C37F7FB3,com.aresmob.translatorfotopro,Translator
1A0A828DE72FDFBD91B465AA000A1440A335C894797E60B98029EB157E271CF6,com.speed.svpn,Vpn
9679AE57B2280EB74205CADE21C4C400B51973D2AEF478565615B6809386525A,tunnel.entclass.vpn,Vpn
B7028C9B4D370450223D71E90699129CE38C602F074F8C539C541D5C17281FCB,kobras.vpn.ultra.max.miguel,Vpn
B3B39469CFB3891178BB72E60D612CF13F06C027C6A7D8ADD711391A630A3905,loop.uchetechs.vpn,Vpn
2CF6310EB56C18D51FF991452549218FFF62DB2A583A5817A8C13F9FC70B06C6,loop.uchetechs.vpn,Vpn
3C799559037DC0524CD3B625A177618A2E8E097E2C94185B02881A3FCB36A83B,kobras.wifi.ultra.max.miguel,Vpn
3C989503B5C73092169A470B247602C57A8AD53ADDF58AFD645AC1B8D9ABC771,net.androidtechvilla.edoztunnel,Vpn
8876912AA7859D52A0A347DE4936684B37B4D0F5C5E0FCE09C689D2ED1716E17,com.speed.svpn,Vpn
42501D89C4F803CA7B3606E478D85F1A62BF652E001A804402AFE60ECA2AFEF8,tunnel.entclass.vpn,Vpn
875FD5C548A3CB53E2EE14FC7D0D8176A294B0A07D6C308DC76D2EFEB78A74D6,com.speed.svpn,Vpn
49E76A92E8302196E090DAED8F30CC0CFB9196C2AF56144DED3B634AE4EF2804,loop.uchetechs.vpn,Vpn
48E5BC535EA252B9CB99320E7109FFE5322D26275B5A6134B743BA94FD3069B2,net.androidtechvilla.edoztunnel,Vpn
498F340F439049ADFF3B041259F29306EA0005D5F88C5CFE958DD5DF9336528F,tunnel.entclass.vpn,Vpn
3FB76FFCF482E708C00BBEC176AA783E0905053424A17832FA7C0DD453A85EBC,kobras.vpn.ultra.max.miguel,Vpn
42D055D70CB46B8313805906FDCFC9A77BCB5356B634966F02AD81A88AC5C902,tunnel.entclass.vpn,Vpn
5141532D69138503ECD387EF7F2D34545DEE41D6E9D73F7D84EB5053E8D2F4EF,tunnel.entclass.vpn,Vpn
7A2CCA6221970F3C7BCC186EF09FC6598706931520C72F8B21136C6CE70CE6C5,com.bossapps.boltnetvpn,Vpn
5C05107148B99C3326F058BE9136F3F37D83C2EA024E5F4DCACEB4BAB42E2ACF,com.speed.svpn,Vpn
76865C99D033EE29EC1A4466B44AB5FA97F0FA7D7D79A4CB954F0646259A6554,com.ambrose.overwall,Vpn
74BC6A1B8EDB115465C34D9317BEDF62B36514B91E734F3315DF842010A41E04,com.technore.sshinjector,Vpn
780F22B6A9813BC936305783457278A43ABB04BE6F4C7889768D95CB9B4B23A3,com.speed.svpn,Vpn
6CC79830FE44FEB4755F62FCA5A8B43E257748FCFC8045EDBF44DB88CA330F80,kobras.vpn.ultra.max.miguel,Vpn
92A1A26C7BB82D19323FC4D6F3B907463E067AD8CF8BF051472451AAAF3A119A,kobras.vpn.ultra.max.miguel,Vpn
23C7241ADFC9DD818C532027CCD137C980B6F9407B21CC1F3B16C163770007E9,loop.uchetechs.vpn,Vpn
A26E687142BA2784AA62B273891F8D50C3D2F4A12E54A06AF2A83220B58EF538,kobras.vpn.ultra.max.miguel,Vpn
94B54BD282D21DAED8FC3F34E0E1F5FC1538DB8EB6466CAF7D4D903F18881A4B,kobras.vpn.ultra.max.miguel,Vpn
19F69E928596086C9572D4D8EE463FD8A23E7908B04BE6E8D8F1651EC4636FB1,kobras.vpn.ultra.max.miguel,Vpn
ACD572D460F15C0257EDA36C9309BC02E4F8F1F76DCC53C0BA619B247E3F018E,net.androidtechvilla.edoztunnel,Vpn
0C01126C72E8CEABB6727ED1CCCC82A365AEAA416BE21DAC5661597AB7037B6B,tunnel.entclass.vpn,Vpn
A67C407AAB9CE25B65749B0467535F9E067FAF70F989159C506FE6E5D715D036,viyasa.vpn.com,Vpn
15B49EB01744BA3199209B57E66C131CDAF6053441C17B720A75B3FD5EA41C47,kobras.vpn.ultra.max.miguel,Vpn
A6444A52C2A8CD07845D8D5717121E62AC508B389ABC285DC15E275E69B3569F,com.speed.svpn,Vpn
A19CDF0EE5D216B0909EDD7AF5C965BEB9B141A8D782407808AF252A10D5D853,kobras.vpn.ultra.max.miguel,Vpn
A65A11137BA4BB55882574B14E847F7CEF12E2356CE27573D18FA34DA6F94C94,rocket.service.super,Vpn
A1FD004D016AA908DAC90AC8D52099C0F131637A3A54C7315ECA030F61911662,com.speed.svpn,Vpn
A7F4C542B07BC59A3591F10C2704068EBD8BFB53F67195B3430A5D4545B0ABAF,ssh.alfaisal.lite,Vpn
A13DE7043C4DDA6008BB2AB20B7DF429E38DCCFA11401F214DEFB3E41136D49F,tunnel.entclass.vpn,Vpn
104616EE67918385A6F2A490759C24088C756836F6B331EFB435831C1377259A,com.open.hotspot.vpn.free,Vpn
21D8E2AB4F5705213CAC829B64D3A576DDF6B35B2BC49A1F8E0236658AB4589C,ssh.alfaisal.lite,Vpn
21DD06704D7862B88F879E8008D63E8E8069DFF5FEAC3301AD2EF1F98B1C3712,loop.uchetechs.vpn,Vpn
A0761AB2F675499A7A13E3E765D884F43668EF5ECF6DCE1AC4DAE1D57A4D5F76,com.sshbrazil.braziltunnel,Vpn
9A9F46175EF63C5DCF772272DD3492D3E22D9C6D53CA2A0D746BBBA119E8893A,tunnel.entclass.vpn,Vpn
2773C44C3BD1BB7D845D17FE8FBCDAA8A7B0C2182ED6429A796B83548933B303,com.speed.svpn,Vpn
5AE6515CC620D4346692741FF4DAB1F73F06C35CB695FC47CDCA218C12825F1E,com.mm999.videowallpaper,Wallpaper
35A67F4AC5A5E301571535DF90AA1C8F8D6FCC54502A54B7513B615E6186D812,typhoon.andriod.hy.typhoon1,Weather
7B727A256D9A30BDC3F395A9D0AE27184221A155F95154B8F3A57EB65FBF5C18,weather.forecast.alert.storm.radar,Weather
7B8547F1E9BCD2E9EC00A802D817CE079E6C52558B320B8A11D10B2EA0D8C751,weather.forecast.alerts.widget,Weather
B716DC5E891664FF88B225C69583DDDF4660351A15A43FDD7E8EA4C1CFD22833,typhoon.andriod.hy.typhoon1,Weather
A56404A858C551435EC1B4F3379CA1689C9E3E85558B2751C7AF17875A27BC7E,com.lomol.workout.fitness,WorkoutAndTraining
9DD7E684FAE59B52DCC083A067AAB0BD76B58B8F6555A9EF90331599A640F7F8,com.fitnesscoach.workout.loseweight.musclebuilt.noequipment.strengthtraining.workfromhome.health,WorkoutAndTraining
